,income,credit_score,loan_amount,years_employed,points,loan_approved
0,113810,389,39698,27,50.0,0
1,44592,729,15446,28,55.0,0
2,33278,584,11189,13,45.0,0
3,127196,344,48823,29,50.0,0
4,66048,496,47174,4,25.0,0
5,62098,689,19217,29,65.0,1
6,59256,373,40920,40,35.0,0
7,48289,524,45866,20,25.0,0
8,126530,367,14826,36,55.0,0
9,43434,446,18359,8,20.0,0
10,118696,670,15373,8,75.0,1
11,127080,365,26216,24,55.0,0
12,146939,573,43006,21,50.0,0
13,101482,819,7973,40,100.0,1
14,41395,843,1037,38,80.0,1
15,107397,380,6613,31,60.0,1
16,85302,469,18370,33,50.0,0
17,34165,682,29711,33,50.0,0
18,33905,525,1471,4,30.0,0
19,42280,543,19250,31,25.0,0
20,58657,716,13478,6,65.0,1
21,60495,400,4972,25,50.0,0
22,96237,443,28648,11,45.0,0
23,108907,400,4315,34,60.0,1
24,33478,792,15008,25,60.0,1
25,103563,592,28722,35,65.0,1
26,56062,362,21552,3,30.0,0
27,123850,382,13178,4,45.0,0
28,115181,383,28474,37,55.0,0
29,121924,434,45019,19,50.0,0
30,101426,402,5801,34,60.0,1
31,84987,748,36600,19,75.0,1
32,58893,406,9800,16,45.0,0
33,88878,651,14342,40,65.0,1
34,107236,345,1232,21,60.0,1
35,66463,309,8331,4,35.0,0
36,136093,451,29166,8,50.0,0
37,143940,405,24178,35,55.0,0
38,30851,481,28020,1,10.0,0
39,129458,573,11433,6,55.0,0
40,135620,658,21000,14,70.0,1
41,50926,659,43040,32,50.0,0
42,121506,482,39049,16,50.0,0
43,85392,418,26244,36,45.0,0
44,74597,638,41839,20,50.0,0
45,66421,712,46692,18,60.0,1
46,50379,608,27612,35,50.0,0
47,58221,518,34500,30,35.0,0
48,130072,395,16392,19,55.0,0
49,74118,374,30846,26,35.0,0
50,43396,451,43995,0,10.0,0
51,42156,775,4291,35,70.0,1
52,79797,624,30004,39,60.0,1
53,42676,760,17986,15,60.0,1
54,77052,750,6077,18,90.0,1
55,141082,456,47295,13,50.0,0
56,75082,698,39278,1,50.0,0
57,109131,729,36272,34,75.0,1
58,64671,698,23028,25,65.0,1
59,135791,385,43123,27,50.0,0
60,35695,634,23118,24,40.0,0
61,125647,353,23935,14,55.0,0
62,90217,456,16633,8,45.0,0
63,100284,471,40707,38,45.0,0
64,46361,326,21444,36,25.0,0
65,79615,548,7678,19,55.0,0
66,40328,370,34158,21,25.0,0
67,102357,456,29540,11,50.0,0
68,68427,574,22122,15,40.0,0
69,138711,688,23046,1,65.0,1
70,112397,310,34857,12,50.0,0
71,111070,802,30371,1,75.0,1
72,146057,784,37272,33,85.0,1
73,142945,613,17475,14,70.0,1
74,77400,795,19120,37,85.0,1
75,105674,669,12759,19,70.0,1
76,55203,802,7723,0,70.0,1
77,122349,789,8476,4,85.0,1
78,39116,611,6582,15,50.0,0
79,36006,761,30014,19,60.0,1
80,116673,512,41993,13,50.0,0
81,59871,781,20087,2,65.0,1
82,131327,570,41963,37,50.0,0
83,67930,572,10321,4,35.0,0
84,40458,611,46857,25,40.0,0
85,142108,630,40564,16,65.0,1
86,60512,341,12481,30,45.0,0
87,143571,393,31802,22,55.0,0
88,43238,807,19888,25,65.0,1
89,79823,713,34724,0,50.0,0
90,66434,810,41986,28,75.0,1
91,89429,424,2891,40,55.0,0
92,113320,416,31241,7,45.0,0
93,139328,725,32621,30,80.0,1
94,77819,724,23274,32,70.0,1
95,51319,795,23618,21,70.0,1
96,78520,692,16306,26,75.0,1
97,76566,807,3426,8,90.0,1
98,57460,315,48346,9,30.0,0
99,117841,646,41845,25,65.0,1
100,64993,336,41465,4,25.0,0
101,121988,400,42533,6,45.0,0
102,119593,667,25565,27,70.0,1
103,114939,691,41613,15,75.0,1
104,39358,461,5840,28,35.0,0
105,109840,609,14055,24,70.0,1
106,113227,322,44137,25,50.0,0
107,52431,535,40784,22,35.0,0
108,100010,340,21246,28,55.0,0
109,125568,479,14159,8,50.0,0
110,62087,793,20342,21,75.0,1
111,51417,706,37524,23,60.0,1
112,90589,690,42847,23,65.0,1
113,79735,364,42641,29,40.0,0
114,65382,611,33284,7,45.0,0
115,113886,729,39491,9,70.0,1
116,120198,333,46238,23,50.0,0
117,103000,667,4968,25,75.0,1
118,58785,321,4314,21,50.0,0
119,119733,521,16269,21,55.0,0
120,72504,433,36403,16,35.0,0
121,140474,543,39591,20,50.0,0
122,130704,787,30378,23,90.0,1
123,131711,608,31018,1,55.0,0
124,37331,375,6294,20,35.0,0
125,60021,601,30734,32,50.0,0
126,137715,533,28119,21,55.0,0
127,34207,683,11003,30,55.0,0
128,135518,361,39434,35,50.0,0
129,71347,594,40348,19,50.0,0
130,82581,658,37455,23,55.0,0
131,65093,326,40911,17,35.0,0
132,38675,446,38114,25,25.0,0
133,57653,729,30730,21,60.0,1
134,149686,383,18832,28,55.0,0
135,104341,416,23621,27,55.0,0
136,144867,356,1503,13,60.0,1
137,124098,307,33596,27,50.0,0
138,71245,746,2228,29,85.0,1
139,57869,596,8548,25,60.0,1
140,115909,390,29620,6,45.0,0
141,95435,526,22827,10,50.0,0
142,81856,451,16484,6,45.0,0
143,145957,775,37944,37,85.0,1
144,149871,454,29820,4,45.0,0
145,114259,772,30616,2,75.0,1
146,90142,773,39032,35,75.0,1
147,48726,813,10886,3,65.0,1
148,64718,553,47374,28,35.0,0
149,48301,353,42345,21,25.0,0
150,62325,641,6341,37,60.0,1
151,127647,617,37629,24,65.0,1
152,103579,670,2194,23,85.0,1
153,100644,458,6057,18,60.0,1
154,64438,685,11109,10,70.0,1
155,127912,720,24874,15,80.0,1
156,106622,616,31737,12,65.0,1
157,86155,814,35567,26,80.0,1
158,147679,792,25327,35,90.0,1
159,106484,579,30446,32,50.0,0
160,82350,657,2747,26,70.0,1
161,77447,401,47838,21,40.0,0
162,58746,780,30399,39,70.0,1
163,48131,840,28738,7,60.0,1
164,96784,768,5116,7,85.0,1
165,94686,739,1102,39,80.0,1
166,41915,838,36656,32,65.0,1
167,129061,682,17623,1,65.0,1
168,36175,436,3905,22,35.0,0
169,142866,486,9837,4,50.0,0
170,44371,342,21682,19,25.0,0
171,50033,592,24394,3,40.0,0
172,112240,750,26339,21,90.0,1
173,50969,380,29220,38,35.0,0
174,133819,756,40493,27,85.0,1
175,119192,581,42908,3,55.0,0
176,85333,748,3280,8,85.0,1
177,108172,457,45503,28,45.0,0
178,38326,621,43569,17,40.0,0
179,80432,420,18155,16,50.0,0
180,80019,375,30625,11,45.0,0
181,108104,597,20657,10,70.0,1
182,91348,505,10101,15,50.0,0
183,99352,432,41104,5,35.0,0
184,62953,375,9213,20,45.0,0
185,102512,486,9456,27,60.0,1
186,142824,630,47486,14,65.0,1
187,31504,581,9203,40,45.0,0
188,119166,457,12219,39,55.0,0
189,124466,346,43038,36,50.0,0
190,45014,596,43068,19,40.0,0
191,119353,725,32735,29,75.0,1
192,145970,708,9569,23,85.0,1
193,100381,399,4316,18,60.0,1
194,128419,620,13440,10,70.0,1
195,64973,520,39230,22,35.0,0
196,130741,410,29241,8,50.0,0
197,114012,499,24758,35,55.0,0
198,74587,431,7336,25,50.0,0
199,44621,821,27305,32,65.0,1
200,68469,827,10160,20,85.0,1
201,86985,821,35887,31,80.0,1
202,50730,726,39253,19,60.0,1
203,89470,533,48277,3,30.0,0
204,30425,332,38523,7,20.0,0
205,124646,813,41073,30,90.0,1
206,144799,632,44399,30,65.0,1
207,124329,795,13600,15,90.0,1
208,64522,800,21777,30,80.0,1
209,95612,688,26856,22,70.0,1
210,129871,654,29991,16,70.0,1
211,53416,440,8158,39,45.0,0
212,96542,402,28086,21,45.0,0
213,149619,716,43787,30,75.0,1
214,43947,391,43749,36,25.0,0
215,144100,337,27017,31,55.0,0
216,111959,605,38221,38,65.0,1
217,69117,816,31672,17,75.0,1
218,140319,314,49274,21,50.0,0
219,113748,715,29029,32,75.0,1
220,96540,554,1447,16,55.0,0
221,109818,311,18141,23,55.0,0
222,56071,618,46238,7,45.0,0
223,50032,789,11039,29,80.0,1
224,79009,553,45586,38,40.0,0
225,129943,414,5047,35,60.0,1
226,51174,752,8617,13,80.0,1
227,100697,435,34636,26,50.0,0
228,132056,560,1197,13,60.0,1
229,99514,783,3079,18,90.0,1
230,30074,759,25739,24,60.0,1
231,108504,421,12696,34,55.0,0
232,72487,774,45138,34,70.0,1
233,94042,493,48515,7,35.0,0
234,32552,334,30257,38,25.0,0
235,44662,522,4699,8,30.0,0
236,77576,542,20776,9,40.0,0
237,145175,807,4072,22,100.0,1
238,139008,452,20653,24,55.0,0
239,135745,447,31344,3,45.0,0
240,70306,508,22644,5,35.0,0
241,61385,340,5769,12,50.0,0
242,37592,640,20869,0,25.0,0
243,61571,706,16684,35,65.0,1
244,145082,825,33589,29,95.0,1
245,104364,620,28127,2,55.0,0
246,40322,727,20345,9,45.0,0
247,41226,645,17864,31,40.0,0
248,125932,473,10172,34,60.0,1
249,93699,349,1418,26,55.0,0
250,136957,766,25458,3,80.0,1
251,39071,306,35879,35,25.0,0
252,129693,483,8013,6,55.0,0
253,99822,706,6178,23,80.0,1
254,130379,382,43843,2,40.0,0
255,46483,384,33758,27,25.0,0
256,46828,516,46369,36,25.0,0
257,116474,333,12754,20,55.0,0
258,92296,466,37959,15,40.0,0
259,102063,380,33819,22,50.0,0
260,51643,634,2941,40,65.0,1
261,64741,742,13172,37,80.0,1
262,99163,574,11107,24,50.0,0
263,144351,305,21202,28,55.0,0
264,109507,824,27741,6,85.0,1
265,85461,598,28119,24,60.0,1
266,57760,689,12108,8,65.0,1
267,100686,606,32734,4,55.0,0
268,128994,768,8010,8,90.0,1
269,125673,750,22937,27,90.0,1
270,120422,505,32392,20,50.0,0
271,56365,633,25645,17,50.0,0
272,123447,484,45676,35,50.0,0
273,70857,370,27813,31,40.0,0
274,82296,686,5847,28,80.0,1
275,118039,849,39916,40,90.0,1
276,115180,709,22731,27,80.0,1
277,78944,774,45535,37,75.0,1
278,87422,387,8606,9,50.0,0
279,147914,748,48316,28,85.0,1
280,97839,468,49528,15,40.0,0
281,89177,714,42271,11,65.0,1
282,45860,698,1291,13,65.0,1
283,62493,491,24972,20,40.0,0
284,59451,697,41062,25,60.0,1
285,38392,604,41270,37,40.0,0
286,74313,444,34477,24,35.0,0
287,32757,477,37366,10,25.0,0
288,107110,796,9947,12,95.0,1
289,102603,725,47539,28,70.0,1
290,60161,850,19918,10,80.0,1
291,107128,416,18556,34,55.0,0
292,58864,523,28862,6,30.0,0
293,30942,749,8693,15,65.0,1
294,39305,511,14562,3,20.0,0
295,122778,599,19961,36,70.0,1
296,112719,360,19174,8,50.0,0
297,37716,801,10317,36,70.0,1
298,60007,712,34791,17,60.0,1
299,38834,395,48902,29,25.0,0
300,148675,516,33421,17,55.0,0
301,34117,651,45731,3,30.0,0
302,142674,751,30918,0,75.0,1
303,73309,395,43899,23,35.0,0
304,39287,612,48578,14,40.0,0
305,97391,531,35042,28,45.0,0
306,61195,372,16004,24,40.0,0
307,66500,691,9725,9,65.0,1
308,117684,518,42161,9,45.0,0
309,93624,443,9071,37,55.0,0
310,58080,386,17263,35,40.0,0
311,100678,510,34931,38,50.0,0
312,47342,806,26289,7,60.0,1
313,124811,730,24947,34,80.0,1
314,145655,568,15138,2,45.0,0
315,104847,725,28759,25,75.0,1
316,105525,823,14316,9,90.0,1
317,91953,359,17022,5,45.0,0
318,61850,422,1830,8,45.0,0
319,132841,575,49033,7,45.0,0
320,91993,378,33515,29,45.0,0
321,135840,405,38611,7,45.0,0
322,83354,692,10835,11,75.0,1
323,54957,726,48204,20,60.0,1
324,42363,347,27275,4,15.0,0
325,42704,767,1522,23,75.0,1
326,116374,805,13807,34,95.0,1
327,86498,654,42677,0,40.0,0
328,76438,543,28513,31,45.0,0
329,85519,832,28070,23,85.0,1
330,83883,376,39790,36,40.0,0
331,91213,702,46922,20,65.0,1
332,143224,411,11184,6,55.0,0
333,125561,762,21205,29,90.0,1
334,37100,520,22482,9,20.0,0
335,118259,331,27502,28,55.0,0
336,115649,312,5041,14,60.0,1
337,114696,322,5225,12,60.0,1
338,42899,351,12009,36,30.0,0
339,37944,662,15071,11,45.0,0
340,82772,721,37089,30,65.0,1
341,125448,838,17328,40,95.0,1
342,74473,652,38070,32,50.0,0
343,134935,587,4839,30,75.0,1
344,142941,546,18467,34,55.0,0
345,44322,697,24252,11,50.0,0
346,62591,660,38201,36,50.0,0
347,55112,802,3487,5,85.0,1
348,54931,433,23331,11,35.0,0
349,100292,413,35491,23,50.0,0
350,88800,609,22142,8,60.0,1
351,48373,665,15630,37,45.0,0
352,85296,700,38190,2,55.0,0
353,54050,808,10217,21,85.0,1
354,66509,390,47462,40,35.0,0
355,90637,658,17820,6,60.0,1
356,62742,804,25819,22,75.0,1
357,144620,334,20327,1,40.0,0
358,39880,376,36851,5,20.0,0
359,88082,744,11295,3,75.0,1
360,135909,543,7285,3,50.0,0
361,142898,601,44386,40,65.0,1
362,142193,383,32035,7,50.0,0
363,102132,696,13116,23,80.0,1
364,42833,531,18600,36,25.0,0
365,36630,723,39648,14,50.0,0
366,115477,541,32212,19,50.0,0
367,100855,759,12329,10,90.0,1
368,139579,506,42105,9,45.0,0
369,31934,633,19101,33,40.0,0
370,42224,451,38132,37,25.0,0
371,128771,848,23535,26,95.0,1
372,141240,712,10427,39,85.0,1
373,60982,786,18601,23,75.0,1
374,51798,533,9807,19,45.0,0
375,83269,492,29948,13,45.0,0
376,93653,462,5300,19,55.0,0
377,93092,359,17350,2,40.0,0
378,58016,817,27014,40,75.0,1
379,143331,785,39461,35,85.0,1
380,82565,466,38503,13,40.0,0
381,148284,320,45708,0,35.0,0
382,37685,581,28774,24,40.0,0
383,51579,404,1481,32,50.0,0
384,79672,793,5183,21,90.0,1
385,30282,546,4720,38,35.0,0
386,81173,565,28431,25,45.0,0
387,64760,527,45978,34,35.0,0
388,132769,485,20253,6,50.0,0
389,132908,391,15565,22,55.0,0
390,89638,601,31393,7,55.0,0
391,67388,422,45610,24,35.0,0
392,85444,650,27816,36,60.0,1
393,121303,640,42355,11,65.0,1
394,125748,462,33084,5,45.0,0
395,132676,304,3472,34,60.0,1
396,102845,495,2174,0,45.0,0
397,116752,692,33986,37,75.0,1
398,124163,836,23140,27,95.0,1
399,93788,468,27436,1,30.0,0
400,50289,675,47603,2,50.0,0
401,54890,320,4161,7,45.0,0
402,68890,309,20733,26,40.0,0
403,58534,407,34527,39,35.0,0
404,37665,569,35284,12,25.0,0
405,105914,638,16368,0,55.0,0
406,126434,823,5918,6,95.0,1
407,101066,402,12449,2,45.0,0
408,37989,346,1633,8,35.0,0
409,128038,395,25420,21,55.0,0
410,71104,731,43522,10,60.0,1
411,37492,794,38286,28,60.0,1
412,36572,794,32989,7,55.0,0
413,106569,529,44898,21,45.0,0
414,92493,793,23659,24,80.0,1
415,95909,817,31755,31,85.0,1
416,141767,351,34222,14,55.0,0
417,99615,758,6768,31,90.0,1
418,50635,300,6956,38,45.0,0
419,37455,649,24812,3,30.0,0
420,96562,763,8472,6,85.0,1
421,40500,408,4000,10,40.0,0
422,141587,423,26748,13,55.0,0
423,54356,426,30524,29,35.0,0
424,38981,743,39346,30,60.0,1
425,107992,406,26389,38,55.0,0
426,38907,580,27074,21,40.0,0
427,118501,606,46973,35,65.0,1
428,142960,597,45997,22,65.0,1
429,60828,630,47553,7,45.0,0
430,82923,592,28681,0,45.0,0
431,45713,593,45786,16,40.0,0
432,146691,667,30661,6,65.0,1
433,104668,698,16571,32,80.0,1
434,62271,355,1849,16,50.0,0
435,105880,501,48507,12,45.0,0
436,107924,422,25720,2,45.0,0
437,35209,458,3617,9,30.0,0
438,111183,666,5776,20,75.0,1
439,40745,713,7025,22,60.0,1
440,84948,786,37787,0,60.0,1
441,116163,628,25993,7,65.0,1
442,106503,756,32903,2,75.0,1
443,104085,846,1480,40,100.0,1
444,98522,850,47054,27,80.0,1
445,71467,639,3482,5,60.0,1
446,64179,717,26430,28,60.0,1
447,56772,346,46933,4,25.0,0
448,117782,748,25996,25,90.0,1
449,123872,602,42552,9,60.0,1
450,71180,444,9076,2,35.0,0
451,61285,516,28043,32,35.0,0
452,64814,355,36969,29,35.0,0
453,81876,798,22682,22,80.0,1
454,47154,636,41392,19,40.0,0
455,118039,304,21526,15,55.0,0
456,114607,639,32454,29,65.0,1
457,69321,587,10175,34,60.0,1
458,89929,714,39668,13,65.0,1
459,71441,674,26722,14,65.0,1
460,128548,392,27003,23,55.0,0
461,39508,756,11434,11,65.0,1
462,31220,667,3648,14,50.0,0
463,90068,830,24674,24,85.0,1
464,111416,580,49621,16,60.0,1
465,103792,829,17487,24,95.0,1
466,43104,306,33888,8,20.0,0
467,39602,461,24738,38,25.0,0
468,100468,790,32393,13,85.0,1
469,57938,464,9829,40,45.0,0
470,96307,829,27571,38,85.0,1
471,64760,759,40749,30,70.0,1
472,47361,486,41842,32,25.0,0
473,75745,535,25786,24,45.0,0
474,145456,481,32186,39,55.0,0
475,39016,301,45470,27,25.0,0
476,145247,690,23971,37,80.0,1
477,62018,538,6493,18,45.0,0
478,78434,835,8722,33,90.0,1
479,67353,458,28923,37,35.0,0
480,50676,508,28081,35,35.0,0
481,87433,652,47235,25,55.0,0
482,139280,465,7571,13,60.0,1
483,101200,393,10524,30,55.0,0
484,122214,833,19774,38,95.0,1
485,69651,830,19743,12,80.0,1
486,110173,336,24575,15,55.0,0
487,135788,704,27571,37,80.0,1
488,115717,656,23772,17,70.0,1
489,99329,479,27681,32,45.0,0
490,31025,850,38676,16,65.0,1
491,117538,769,45668,29,85.0,1
492,137099,535,21691,26,55.0,0
493,102692,708,45151,21,70.0,1
494,69240,575,12978,12,45.0,0
495,116951,664,11223,6,70.0,1
496,43577,343,32607,23,25.0,0
497,145097,586,27075,14,70.0,1
498,47601,333,33930,22,25.0,0
499,64664,308,1774,13,50.0,0
500,45129,542,18655,30,25.0,0
501,146616,673,27253,17,80.0,1
502,44029,576,16453,35,30.0,0
503,127310,480,28624,31,55.0,0
504,102512,556,37840,36,50.0,0
505,50374,398,30481,21,35.0,0
506,65697,424,24009,38,40.0,0
507,66930,632,45118,32,50.0,0
508,109276,471,42981,21,50.0,0
509,57607,621,21766,18,55.0,0
510,124058,833,30510,26,95.0,1
511,74942,381,14800,10,45.0,0
512,56685,706,35339,5,55.0,0
513,120111,590,30042,40,65.0,1
514,113130,787,31617,34,85.0,1
515,141792,745,35305,40,90.0,1
516,64600,615,24971,26,55.0,0
517,96244,847,1545,31,95.0,1
518,94032,307,36927,23,45.0,0
519,62914,699,25796,14,60.0,1
520,148664,575,28060,12,55.0,0
521,149034,803,13306,20,100.0,1
522,140900,428,47871,28,50.0,0
523,36658,619,33662,23,40.0,0
524,42097,701,5678,34,60.0,1
525,113136,554,26218,28,55.0,0
526,85518,784,26501,19,80.0,1
527,138704,503,24620,3,45.0,0
528,66265,582,39318,7,45.0,0
529,35778,680,6864,15,60.0,1
530,30464,849,8038,8,65.0,1
531,73719,497,2399,24,50.0,0
532,131072,601,36568,31,65.0,1
533,47146,464,5513,33,35.0,0
534,113507,688,49080,11,70.0,1
535,64335,696,13443,33,70.0,1
536,51178,413,7308,33,45.0,0
537,127154,409,32809,12,50.0,0
538,87912,562,4216,23,55.0,0
539,102309,381,31674,40,50.0,0
540,122493,572,35669,2,40.0,0
541,86057,536,35842,24,40.0,0
542,103519,725,49896,6,65.0,1
543,31267,484,37042,25,25.0,0
544,44663,632,25361,26,40.0,0
545,39862,684,37060,16,50.0,0
546,145750,316,34922,8,50.0,0
547,120573,823,37459,36,90.0,1
548,148479,675,39152,15,75.0,1
549,49536,379,48420,20,25.0,0
550,101511,690,6143,3,75.0,1
551,34722,532,49999,38,25.0,0
552,139392,453,22419,32,55.0,0
553,78393,816,6903,14,95.0,1
554,106350,350,36923,25,50.0,0
555,102420,502,32972,25,50.0,0
556,49410,740,22195,36,60.0,1
557,86333,324,20976,10,50.0,0
558,46704,539,14086,23,30.0,0
559,35482,594,1900,21,55.0,0
560,70404,516,14356,34,45.0,0
561,77795,318,25681,37,45.0,0
562,147831,354,31471,0,40.0,0
563,134349,599,43559,24,65.0,1
564,142814,390,13217,12,60.0,1
565,35229,612,22860,31,40.0,0
566,147823,541,33850,17,55.0,0
567,76898,455,23399,25,45.0,0
568,57535,456,28948,19,35.0,0
569,119399,507,10051,19,60.0,1
570,62706,461,21807,4,30.0,0
571,117416,330,21885,26,55.0,0
572,43473,409,9620,11,35.0,0
573,76357,326,24544,5,40.0,0
574,132251,488,26392,31,55.0,0
575,103385,576,28069,14,50.0,0
576,145885,801,46079,20,90.0,1
577,144650,620,26831,39,70.0,1
578,83264,343,17103,33,50.0,0
579,111351,494,20082,28,55.0,0
580,128235,355,46216,33,50.0,0
581,50257,438,26760,26,35.0,0
582,61029,631,46332,10,50.0,0
583,143325,836,47352,24,90.0,1
584,51299,344,12199,21,45.0,0
585,134842,352,28497,19,55.0,0
586,136269,507,1231,39,60.0,1
587,53206,805,16589,13,80.0,1
588,145528,584,41616,40,65.0,1
589,84040,337,10527,2,40.0,0
590,33248,465,45046,18,25.0,0
591,53509,668,3348,5,60.0,1
592,126542,366,20191,30,55.0,0
593,73540,359,8163,36,45.0,0
594,132548,737,40901,20,75.0,1
595,83964,832,48787,40,80.0,1
596,135150,776,41990,7,80.0,1
597,117806,658,37727,40,65.0,1
598,143254,607,34206,35,70.0,1
599,126345,329,12510,12,60.0,1
600,136266,793,11183,40,95.0,1
601,62527,357,35149,19,35.0,0
602,64970,662,5339,9,60.0,1
603,50866,491,40006,7,30.0,0
604,133202,723,6688,31,85.0,1
605,121917,479,8355,23,60.0,1
606,44168,812,11097,12,70.0,1
607,80140,400,34826,8,35.0,0
608,144316,389,22842,29,55.0,0
609,35075,514,22029,12,25.0,0
610,142537,452,11321,17,60.0,1
611,91694,626,18763,9,60.0,1
612,59154,646,36427,28,50.0,0
613,56158,736,26684,11,60.0,1
614,137031,640,13985,34,70.0,1
615,90332,779,7374,29,90.0,1
616,75830,447,41431,16,40.0,0
617,70001,764,32949,1,55.0,0
618,137549,430,34288,6,50.0,0
619,134247,710,39701,26,75.0,1
620,144206,513,46485,37,50.0,0
621,59831,477,44424,4,25.0,0
622,59219,399,30177,11,35.0,0
623,33101,392,15261,8,20.0,0
624,116511,763,35816,18,85.0,1
625,55313,745,48041,22,70.0,1
626,82227,678,36971,3,55.0,0
627,73025,540,29292,37,35.0,0
628,66517,477,32121,8,30.0,0
629,143292,437,1760,4,50.0,0
630,39099,386,9992,26,30.0,0
631,131361,821,28795,35,95.0,1
632,66585,810,48901,15,75.0,1
633,76025,794,47195,23,75.0,1
634,114080,586,31470,33,65.0,1
635,96768,619,41176,3,45.0,0
636,82386,639,28591,22,60.0,1
637,119065,473,38542,3,40.0,0
638,140580,817,6037,17,100.0,1
639,100282,478,39782,9,45.0,0
640,73404,840,3168,21,90.0,1
641,33617,692,16594,28,50.0,0
642,45118,418,4442,10,40.0,0
643,144955,699,32102,16,80.0,1
644,64237,842,45752,2,65.0,1
645,53405,643,18716,17,55.0,0
646,106099,499,35075,21,50.0,0
647,64795,312,27951,6,30.0,0
648,35014,324,41592,5,20.0,0
649,44208,422,6661,38,35.0,0
650,108193,559,20304,29,55.0,0
651,86959,563,11614,4,40.0,0
652,75309,482,29873,4,35.0,0
653,125491,741,15312,39,90.0,1
654,133078,556,30221,1,40.0,0
655,71114,637,26646,36,55.0,0
656,87199,531,1216,24,55.0,0
657,109457,710,4617,40,85.0,1
658,97033,596,43453,12,55.0,0
659,45157,409,42328,22,25.0,0
660,80488,544,33062,24,40.0,0
661,147899,337,23235,3,45.0,0
662,105574,835,31039,34,90.0,1
663,54914,782,41525,2,60.0,1
664,63386,767,41057,10,70.0,1
665,35817,364,14280,27,30.0,0
666,122901,440,22075,13,55.0,0
667,87154,472,46632,23,40.0,0
668,30221,461,2024,31,40.0,0
669,98146,429,14510,9,45.0,0
670,135710,484,48002,31,50.0,0
671,100575,541,13576,7,50.0,0
672,120027,513,19115,3,45.0,0
673,124297,344,4540,23,60.0,1
674,127248,850,12526,10,100.0,1
675,126605,633,28463,12,70.0,1
676,117900,722,14104,24,80.0,1
677,55825,482,26384,23,35.0,0
678,77739,332,46364,36,40.0,0
679,86531,525,20343,38,50.0,0
680,39171,535,6667,26,35.0,0
681,117062,314,48842,27,45.0,0
682,73279,305,28379,2,30.0,0
683,111678,400,30651,31,50.0,0
684,71145,667,20384,15,55.0,0
685,116951,324,30808,29,50.0,0
686,141151,372,26223,21,55.0,0
687,46334,643,49218,3,30.0,0
688,124339,341,24958,23,55.0,0
689,147970,544,36365,7,50.0,0
690,69363,530,22001,22,40.0,0
691,96469,797,33863,33,80.0,1
692,70538,367,13343,29,45.0,0
693,117410,451,33527,9,45.0,0
694,83528,435,32057,22,45.0,0
695,72753,537,35053,21,35.0,0
696,82743,755,31015,19,80.0,1
697,121384,595,4101,9,70.0,1
698,68752,486,12492,9,40.0,0
699,102667,488,14445,35,55.0,0
700,46683,466,35972,19,25.0,0
701,55144,459,1281,34,50.0,0
702,85108,450,38043,28,40.0,0
703,117153,756,24422,5,85.0,1
704,79695,584,13826,1,50.0,0
705,118777,625,40529,38,65.0,1
706,128059,678,26304,23,80.0,1
707,148332,520,48700,28,50.0,0
708,52810,734,48749,26,60.0,1
709,110676,837,22981,4,85.0,1
710,104593,724,12461,35,80.0,1
711,69446,596,37298,31,50.0,0
712,83225,529,2758,0,40.0,0
713,101819,727,12755,31,80.0,1
714,139278,670,39080,30,75.0,1
715,30053,682,34588,36,50.0,0
716,69829,438,24421,10,40.0,0
717,67606,842,42873,4,65.0,1
718,57549,630,21723,19,55.0,0
719,86346,440,34958,18,40.0,0
720,132990,815,15490,12,95.0,1
721,106019,419,9600,1,45.0,0
722,109516,650,12285,19,70.0,1
723,115813,428,14752,8,50.0,0
724,72237,343,13868,6,40.0,0
725,90946,344,5341,19,55.0,0
726,87905,489,44948,22,40.0,0
727,87954,660,11522,32,65.0,1
728,118555,841,15221,12,95.0,1
729,58010,816,47383,30,75.0,1
730,97000,734,15042,32,75.0,1
731,92021,807,24674,18,85.0,1
732,134036,754,15802,35,90.0,1
733,148119,483,1837,31,60.0,1
734,134336,404,49590,10,50.0,0
735,126463,811,19252,37,95.0,1
736,52241,796,34516,17,70.0,1
737,116356,330,7527,3,50.0,0
738,41114,634,11009,19,45.0,0
739,67196,600,44390,31,50.0,0
740,97561,421,26141,28,45.0,0
741,117012,468,33209,27,50.0,0
742,112960,781,32189,35,85.0,1
743,111167,661,19640,20,70.0,1
744,73933,327,41970,21,35.0,0
745,42240,553,16376,19,30.0,0
746,137272,320,36285,20,50.0,0
747,128453,322,21743,24,55.0,0
748,60784,644,33553,32,50.0,0
749,118184,506,33568,40,50.0,0
750,70687,604,38586,25,50.0,0
751,59444,843,32147,27,75.0,1
752,135717,743,44480,34,85.0,1
753,56100,484,2219,40,50.0,0
754,49313,778,18559,40,65.0,1
755,33201,834,14149,23,65.0,1
756,36057,626,5222,40,50.0,0
757,62092,541,27598,15,35.0,0
758,92277,746,28657,2,70.0,1
759,110120,343,48348,31,45.0,0
760,141376,716,24818,5,75.0,1
761,130727,812,8906,33,100.0,1
762,39545,543,40309,7,20.0,0
763,89692,733,15287,9,70.0,1
764,84321,357,33136,34,45.0,0
765,146147,584,10496,23,75.0,1
766,112544,545,17579,35,55.0,0
767,105454,697,1515,25,85.0,1
768,55485,464,29760,40,35.0,0
769,124155,782,49296,26,85.0,1
770,121272,818,5349,22,100.0,1
771,80328,353,43033,11,40.0,0
772,94799,621,38736,5,50.0,0
773,82383,720,21932,28,70.0,1
774,61979,386,28164,23,35.0,0
775,49342,534,6831,29,35.0,0
776,115990,452,6836,23,60.0,1
777,120128,806,8766,14,100.0,1
778,30726,691,9532,27,55.0,0
779,147002,728,12820,26,85.0,1
780,128430,554,25224,37,55.0,0
781,142779,707,46013,13,75.0,1
782,130931,360,4415,21,60.0,1
783,146059,609,26866,23,70.0,1
784,43970,804,23228,29,65.0,1
785,132029,345,9380,31,60.0,1
786,85724,570,34880,20,40.0,0
787,58683,750,4487,12,85.0,1
788,53053,796,30999,31,70.0,1
789,135396,484,12029,32,60.0,1
790,121214,304,35472,36,50.0,0
791,97889,326,19630,7,45.0,0
792,90889,771,47380,30,75.0,1
793,36582,632,48942,36,40.0,0
794,103060,372,36858,38,50.0,0
795,62662,466,26460,25,35.0,0
796,141193,617,45889,38,65.0,1
797,45906,697,32223,17,50.0,0
798,89829,736,7091,2,70.0,1
799,47477,837,6503,18,75.0,1
800,135043,607,17295,33,70.0,1
801,90901,722,7192,29,80.0,1
802,117500,316,8466,29,60.0,1
803,99616,621,39483,29,60.0,1
804,103259,516,13129,5,50.0,0
805,108047,704,8646,0,70.0,1
806,71588,704,20834,5,60.0,1
807,128992,514,32530,9,45.0,0
808,146840,774,10710,30,95.0,1
809,88008,320,30459,37,45.0,0
810,110301,405,42314,27,50.0,0
811,136824,797,34643,37,85.0,1
812,124276,840,2246,27,100.0,1
813,146918,806,41809,22,90.0,1
814,96162,537,34268,14,45.0,0
815,85933,699,28319,23,70.0,1
816,138864,388,44716,30,50.0,0
817,148863,610,16382,13,70.0,1
818,101810,478,33995,2,40.0,0
819,88446,798,17896,21,85.0,1
820,147598,406,47294,3,40.0,0
821,50861,342,34246,6,30.0,0
822,127472,752,34154,31,85.0,1
823,142917,506,29777,26,55.0,0
824,92216,475,6585,17,55.0,0
825,88991,842,28637,14,85.0,1
826,63972,670,2950,28,75.0,1
827,128536,468,29447,3,45.0,0
828,62406,832,20380,26,80.0,1
829,140082,652,1517,17,75.0,1
830,113579,752,46709,22,80.0,1
831,66347,850,22921,24,80.0,1
832,130376,619,35166,21,65.0,1
833,131931,732,34113,7,70.0,1
834,98327,759,20527,36,85.0,1
835,93517,443,47815,24,40.0,0
836,112149,383,7045,3,50.0,0
837,61358,831,26872,16,75.0,1
838,65992,466,10459,32,45.0,0
839,87654,333,49922,10,40.0,0
840,40155,596,3639,33,55.0,0
841,123525,446,10315,37,60.0,1
842,67450,302,9016,35,45.0,0
843,60735,686,32144,38,60.0,1
844,65614,633,6853,39,60.0,1
845,74020,753,49228,17,70.0,1
846,71904,387,13610,39,45.0,0
847,147050,319,8882,34,60.0,1
848,100798,754,6547,34,95.0,1
849,40561,324,35596,20,25.0,0
850,48136,561,6873,9,30.0,0
851,49769,605,26555,6,35.0,0
852,60311,353,14274,15,45.0,0
853,80205,362,21862,29,45.0,0
854,120957,403,17142,35,55.0,0
855,50028,508,10330,23,45.0,0
856,122591,762,3738,0,80.0,1
857,58043,793,18911,38,75.0,1
858,38418,588,3980,10,50.0,0
859,84377,586,29309,13,60.0,1
860,83424,579,17117,20,50.0,0
861,73369,787,1280,0,70.0,1
862,101121,383,43539,4,35.0,0
863,91069,685,40407,22,65.0,1
864,84496,755,1613,14,90.0,1
865,38161,526,16352,31,25.0,0
866,57110,705,8270,17,70.0,1
867,139168,366,9351,16,60.0,1
868,85069,845,41269,16,80.0,1
869,81049,630,29347,26,60.0,1
870,148598,529,4077,17,60.0,1
871,130898,325,49329,14,50.0,0
872,106556,618,5118,40,75.0,1
873,121163,556,17197,6,50.0,0
874,32560,374,40319,39,25.0,0
875,142293,686,21531,4,70.0,1
876,145429,367,7673,3,50.0,0
877,130348,310,30714,24,55.0,0
878,105456,764,34896,21,85.0,1
879,79857,429,42770,32,40.0,0
880,92518,345,4964,8,50.0,0
881,30772,449,10660,30,30.0,0
882,76105,358,16557,32,50.0,0
883,69139,506,5482,21,50.0,0
884,128759,636,11635,6,70.0,1
885,81116,535,31574,39,45.0,0
886,141863,510,27234,11,55.0,0
887,146869,445,20043,28,55.0,0
888,139540,478,15348,16,55.0,0
889,84921,568,7631,1,40.0,0
890,100545,767,16738,23,90.0,1
891,127978,421,10465,8,55.0,0
892,126289,550,4027,39,60.0,1
893,101582,586,9287,32,75.0,1
894,134840,471,34332,24,50.0,0
895,109069,629,47693,23,60.0,1
896,147677,337,14579,14,60.0,1
897,58906,686,38445,10,60.0,1
898,93993,755,35001,22,80.0,1
899,58760,742,27801,23,70.0,1
900,65774,377,24533,5,35.0,0
901,87125,400,8771,4,40.0,0
902,93654,495,47244,38,40.0,0
903,33804,713,27591,37,50.0,0
904,80968,532,48404,13,40.0,0
905,74057,648,6627,20,65.0,1
906,117670,330,25556,8,50.0,0
907,119016,647,15777,26,70.0,1
908,134614,332,10118,9,55.0,0
909,82994,700,5175,34,80.0,1
910,124919,395,12234,6,55.0,0
911,51632,371,26289,18,35.0,0
912,140166,311,12260,20,60.0,1
913,91261,370,26493,13,45.0,0
914,46728,617,39501,12,40.0,0
915,111560,552,35462,21,50.0,0
916,100008,655,46895,19,60.0,1
917,33534,768,26209,11,60.0,1
918,148872,580,42162,34,65.0,1
919,81645,424,25165,4,35.0,0
920,107580,512,34165,2,40.0,0
921,103975,499,26996,2,40.0,0
922,116900,796,31235,4,75.0,1
923,33552,465,12179,1,15.0,0
924,41003,579,11059,28,30.0,0
925,114246,835,43009,6,85.0,1
926,86179,555,25552,15,45.0,0
927,47786,525,7330,10,35.0,0
928,143619,512,36501,25,50.0,0
929,90515,711,43860,20,65.0,1
930,53819,344,5412,13,45.0,0
931,36590,475,17511,6,20.0,0
932,64099,625,44671,30,50.0,0
933,79689,815,39500,0,65.0,1
934,72906,549,41616,5,30.0,0
935,57742,338,16601,38,40.0,0
936,89598,833,28190,18,85.0,1
937,72840,355,44581,15,35.0,0
938,74236,752,42273,0,55.0,0
939,129775,428,7013,11,60.0,1
940,145296,778,21412,10,90.0,1
941,79692,759,42654,12,75.0,1
942,66471,782,29926,27,70.0,1
943,128567,737,6454,19,85.0,1
944,139041,764,19561,24,90.0,1
945,85255,304,1841,32,55.0,0
946,63065,693,33083,19,60.0,1
947,139433,466,13728,27,60.0,1
948,40735,677,46642,3,40.0,0
949,91644,670,42350,1,50.0,0
950,32540,560,17214,38,25.0,0
951,128176,707,47272,37,75.0,1
952,100702,558,46340,19,45.0,0
953,36826,411,42692,36,25.0,0
954,75870,615,1420,10,70.0,1
955,59389,741,12182,11,80.0,1
956,115215,761,38164,13,85.0,1
957,38993,718,29883,40,50.0,0
958,132397,583,5211,21,75.0,1
959,115426,342,7346,13,60.0,1
960,35276,645,40608,27,40.0,0
961,128858,708,25801,39,80.0,1
962,34067,442,2682,38,40.0,0
963,62411,786,34745,26,70.0,1
964,56130,346,49222,20,35.0,0
965,139999,402,49121,24,50.0,0
966,32671,608,45109,35,40.0,0
967,111439,549,14870,10,55.0,0
968,49973,464,22397,24,25.0,0
969,61266,439,36031,40,35.0,0
970,46544,366,43204,21,25.0,0
971,92070,747,16293,14,85.0,1
972,117747,418,38541,23,50.0,0
973,44993,494,26437,27,25.0,0
974,103920,527,7985,25,60.0,1
975,58569,766,10661,38,80.0,1
976,90952,426,18920,36,50.0,0
977,121680,456,47973,13,50.0,0
978,63586,701,20601,10,65.0,1
979,130518,373,35592,18,50.0,0
980,78351,355,47503,19,40.0,0
981,51992,514,15295,12,40.0,0
982,109415,685,28991,10,75.0,1
983,109593,827,43604,21,90.0,1
984,128032,546,26994,31,55.0,0
985,124156,774,43618,24,85.0,1
986,45012,821,15741,1,55.0,0
987,131946,795,43244,27,85.0,1
988,137387,320,26807,35,55.0,0
989,51465,427,14596,7,35.0,0
990,70768,340,9442,36,45.0,0
991,44168,605,24826,34,40.0,0
992,105849,831,20228,34,95.0,1
993,33365,514,46084,6,20.0,0
994,70888,520,9795,38,45.0,0
995,105470,566,26020,10,55.0,0
996,118781,848,14353,4,85.0,1
997,149016,823,40645,10,90.0,1
998,79192,379,18702,7,45.0,0
999,81990,641,18907,9,60.0,1
1000,123718,687,7881,7,80.0,1
1001,55995,588,37145,17,50.0,0
1002,39961,712,32251,37,50.0,0
1003,107607,687,38195,17,75.0,1
1004,120520,768,12999,28,90.0,1
1005,138864,612,42656,5,60.0,1
1006,112213,395,11820,36,55.0,0
1007,61830,734,45370,32,60.0,1
1008,43356,307,47803,27,25.0,0
1009,121382,836,15750,11,95.0,1
1010,131250,682,8420,21,85.0,1
1011,69529,571,14963,0,30.0,0
1012,141449,336,31346,39,55.0,0
1013,119687,409,1337,22,60.0,1
1014,108697,841,34706,9,85.0,1
1015,135582,683,20613,23,80.0,1
1016,45866,465,10166,22,35.0,0
1017,134363,341,9760,25,60.0,1
1018,104177,572,8785,26,60.0,1
1019,132581,434,8191,6,55.0,0
1020,35383,650,29158,38,40.0,0
1021,75508,553,41475,9,35.0,0
1022,99827,739,14003,30,75.0,1
1023,86148,452,16032,7,45.0,0
1024,116706,504,6959,3,50.0,0
1025,78571,790,5020,32,90.0,1
1026,39038,728,17185,20,50.0,0
1027,96317,586,40749,6,50.0,0
1028,114874,313,45758,35,50.0,0
1029,74725,841,40630,23,75.0,1
1030,31658,342,39440,12,25.0,0
1031,141355,506,35967,9,45.0,0
1032,85057,655,24986,28,60.0,1
1033,137784,322,11940,38,60.0,1
1034,94251,707,33442,34,70.0,1
1035,43833,710,40794,17,50.0,0
1036,86822,837,17962,19,90.0,1
1037,77472,543,20126,2,35.0,0
1038,113307,352,43101,15,50.0,0
1039,146860,570,48322,8,45.0,0
1040,138620,524,48872,17,50.0,0
1041,90258,563,42040,40,40.0,0
1042,122708,704,11200,28,85.0,1
1043,50052,770,13125,11,75.0,1
1044,87080,481,26834,38,45.0,0
1045,53086,402,48468,33,35.0,0
1046,126180,313,43236,2,40.0,0
1047,98386,646,47363,5,50.0,0
1048,115256,639,32385,9,60.0,1
1049,65400,603,7721,32,60.0,1
1050,110728,694,10658,22,85.0,1
1051,135932,803,12112,7,95.0,1
1052,100539,386,3840,38,60.0,1
1053,131533,608,41944,18,65.0,1
1054,93372,302,10741,9,45.0,0
1055,90931,737,48625,17,65.0,1
1056,87091,734,32541,26,70.0,1
1057,138230,809,36307,34,90.0,1
1058,125817,389,16413,23,55.0,0
1059,107656,361,23894,23,55.0,0
1060,65179,731,16892,13,65.0,1
1061,72245,734,25358,3,55.0,0
1062,141635,444,6176,15,60.0,1
1063,62177,443,35566,19,35.0,0
1064,138885,332,40595,11,50.0,0
1065,41359,813,21056,14,65.0,1
1066,66559,516,27240,39,35.0,0
1067,145557,620,43775,25,65.0,1
1068,89087,406,6099,23,55.0,0
1069,61963,366,14887,38,45.0,0
1070,128366,546,18640,5,50.0,0
1071,90910,395,21224,0,35.0,0
1072,104691,432,47049,6,40.0,0
1073,109997,691,32257,37,75.0,1
1074,117580,537,15132,9,50.0,0
1075,79674,647,20060,23,60.0,1
1076,74092,456,38152,40,35.0,0
1077,33761,810,7167,29,75.0,1
1078,94789,391,5661,11,55.0,0
1079,141536,443,9124,36,60.0,1
1080,72600,621,25489,5,50.0,0
1081,53834,550,46858,35,35.0,0
1082,93904,374,15617,24,50.0,0
1083,57802,411,6624,11,45.0,0
1084,76507,366,21793,21,45.0,0
1085,134573,459,31799,9,50.0,0
1086,63862,740,32025,13,70.0,1
1087,74608,385,10288,4,35.0,0
1088,66655,519,44885,16,35.0,0
1089,145385,468,14015,22,60.0,1
1090,108139,698,1650,35,85.0,1
1091,121905,624,1929,9,70.0,1
1092,145357,569,35124,0,40.0,0
1093,66211,730,46642,34,60.0,1
1094,102848,314,25265,23,55.0,0
1095,31330,723,27895,22,50.0,0
1096,97715,769,29074,23,80.0,1
1097,55042,590,47012,39,50.0,0
1098,41221,316,41387,26,25.0,0
1099,61635,333,44759,18,35.0,0
1100,124381,427,23977,29,55.0,0
1101,83271,529,34263,18,40.0,0
1102,94038,724,3141,0,65.0,1
1103,102768,740,16848,35,90.0,1
1104,129374,431,42698,24,50.0,0
1105,61499,429,34046,7,30.0,0
1106,120519,630,14353,5,65.0,1
1107,92402,380,38473,24,40.0,0
1108,114659,604,13702,34,70.0,1
1109,123302,581,6437,9,70.0,1
1110,94332,409,10295,18,50.0,0
1111,88743,700,7597,31,80.0,1
1112,133931,621,42520,28,65.0,1
1113,32260,795,41239,38,60.0,1
1114,42196,323,34947,32,25.0,0
1115,68566,525,6468,8,45.0,0
1116,59045,778,49837,31,70.0,1
1117,83005,702,7743,37,80.0,1
1118,120673,756,28770,38,90.0,1
1119,61890,661,25507,40,50.0,0
1120,70135,843,24085,25,80.0,1
1121,117026,520,44054,23,50.0,0
1122,106225,518,31498,36,50.0,0
1123,78368,839,15251,6,85.0,1
1124,92031,745,21826,20,85.0,1
1125,102544,763,12215,38,90.0,1
1126,99588,304,31262,18,45.0,0
1127,75056,781,7233,26,90.0,1
1128,85771,805,41129,3,70.0,1
1129,127771,329,15681,3,45.0,0
1130,102140,495,48455,23,45.0,0
1131,73357,376,18283,21,45.0,0
1132,76112,422,9276,20,50.0,0
1133,122124,834,35576,15,90.0,1
1134,89473,531,7016,16,55.0,0
1135,65509,510,46545,4,25.0,0
1136,70189,492,32958,6,30.0,0
1137,62951,764,43945,9,65.0,1
1138,60217,825,14305,25,85.0,1
1139,45814,404,10652,29,35.0,0
1140,124540,787,44377,33,85.0,1
1141,55242,706,33911,27,60.0,1
1142,71359,498,20267,12,40.0,0
1143,45670,351,43358,15,25.0,0
1144,127370,844,7621,17,100.0,1
1145,100236,574,33451,13,50.0,0
1146,129901,489,33980,39,50.0,0
1147,120461,371,11921,11,60.0,1
1148,54267,481,18290,4,30.0,0
1149,55105,301,33001,15,35.0,0
1150,58361,815,11964,9,80.0,1
1151,126810,563,44477,31,50.0,0
1152,93464,795,8389,17,90.0,1
1153,66241,665,33625,1,35.0,0
1154,124972,498,25758,40,55.0,0
1155,107278,479,18387,22,55.0,0
1156,129641,832,46995,21,90.0,1
1157,98765,810,45926,9,75.0,1
1158,108222,366,20315,0,40.0,0
1159,67093,740,24085,0,60.0,1
1160,43176,446,49041,12,25.0,0
1161,139134,695,28693,25,80.0,1
1162,55443,746,45493,20,70.0,1
1163,68829,504,20730,19,40.0,0
1164,59816,747,7294,8,75.0,1
1165,77301,777,28558,26,80.0,1
1166,53519,609,16902,37,55.0,0
1167,69618,428,27407,0,25.0,0
1168,31854,641,39950,6,35.0,0
1169,122801,354,46978,13,50.0,0
1170,100010,458,20719,40,55.0,0
1171,46591,417,5400,0,20.0,0
1172,65954,325,34148,28,35.0,0
1173,35965,566,41157,28,25.0,0
1174,37146,474,34522,34,25.0,0
1175,102529,700,26285,6,70.0,1
1176,68290,698,1722,37,75.0,1
1177,121411,442,31664,29,50.0,0
1178,46551,837,26599,32,65.0,1
1179,113606,585,44151,19,65.0,1
1180,143830,484,38751,32,50.0,0
1181,128669,656,39305,39,65.0,1
1182,94340,408,33730,30,45.0,0
1183,43446,478,48720,24,25.0,0
1184,144389,752,25531,38,90.0,1
1185,31607,504,13826,16,25.0,0
1186,105243,388,39149,1,35.0,0
1187,67268,717,38243,34,60.0,1
1188,91524,785,33823,22,80.0,1
1189,92746,372,38299,5,35.0,0
1190,87733,638,2477,14,70.0,1
1191,74657,461,19878,4,30.0,0
1192,54164,413,39192,30,35.0,0
1193,36734,642,4892,8,45.0,0
1194,63092,336,23665,4,30.0,0
1195,142947,577,48404,2,40.0,0
1196,92616,533,2405,3,45.0,0
1197,44953,793,4417,24,75.0,1
1198,137756,748,8732,39,95.0,1
1199,38564,310,15884,26,25.0,0
1200,82521,358,6020,3,45.0,0
1201,94454,599,9501,38,65.0,1
1202,39710,806,47219,22,65.0,1
1203,105631,599,43837,15,60.0,1
1204,112502,797,19335,5,85.0,1
1205,119974,515,9044,23,60.0,1
1206,37026,764,8486,1,55.0,0
1207,49887,807,2235,24,80.0,1
1208,49555,353,44280,19,25.0,0
1209,136318,521,2792,21,60.0,1
1210,103772,594,36046,29,65.0,1
1211,69824,778,49865,15,70.0,1
1212,41164,602,23120,36,40.0,0
1213,62530,427,21112,36,40.0,0
1214,45525,309,31568,2,15.0,0
1215,103147,381,19117,39,55.0,0
1216,130197,565,33435,8,45.0,0
1217,84548,488,45855,32,40.0,0
1218,109471,565,17871,1,40.0,0
1219,108135,379,34222,28,50.0,0
1220,133643,373,43066,27,50.0,0
1221,111057,683,31846,18,75.0,1
1222,59581,516,21519,32,40.0,0
1223,131671,333,44061,9,45.0,0
1224,98494,728,36321,7,65.0,1
1225,79856,751,21770,17,80.0,1
1226,89049,536,30872,20,45.0,0
1227,149079,670,43816,30,75.0,1
1228,88028,717,45178,37,65.0,1
1229,68974,718,28592,32,60.0,1
1230,142743,423,28435,16,55.0,0
1231,107139,324,46222,10,45.0,0
1232,86207,547,47660,18,40.0,0
1233,70026,759,27796,40,75.0,1
1234,104531,821,6491,9,95.0,1
1235,111399,480,34336,37,50.0,0
1236,37894,830,35419,37,65.0,1
1237,109905,446,3748,13,60.0,1
1238,127004,469,8769,18,60.0,1
1239,43006,408,16183,17,30.0,0
1240,129973,340,36378,34,50.0,0
1241,57235,736,48978,28,60.0,1
1242,111987,755,29328,31,85.0,1
1243,57659,376,22437,10,40.0,0
1244,64687,743,7582,33,80.0,1
1245,116563,440,39426,24,50.0,0
1246,40641,808,19520,8,60.0,1
1247,50585,802,37551,39,75.0,1
1248,61439,540,42793,22,35.0,0
1249,52782,801,42289,25,75.0,1
1250,102350,594,28498,28,65.0,1
1251,39838,655,46676,25,40.0,0
1252,50517,329,20066,17,40.0,0
1253,30350,625,27950,25,40.0,0
1254,83545,647,42698,2,45.0,0
1255,89048,412,41193,39,40.0,0
1256,120357,661,37234,4,55.0,0
1257,107832,705,48043,14,70.0,1
1258,91592,313,3364,1,40.0,0
1259,68175,608,2588,14,65.0,1
1260,34278,434,49531,17,25.0,0
1261,60340,455,7262,37,45.0,0
1262,67762,824,49724,1,60.0,1
1263,122662,395,15565,26,55.0,0
1264,67056,808,48681,25,75.0,1
1265,122141,706,16211,28,80.0,1
1266,142670,397,37758,10,50.0,0
1267,89510,835,48384,36,80.0,1
1268,39329,454,3392,20,40.0,0
1269,120096,800,36755,31,90.0,1
1270,60595,407,28898,4,25.0,0
1271,64675,339,28799,31,35.0,0
1272,133262,420,29539,18,55.0,0
1273,133710,469,10274,18,60.0,1
1274,111927,783,31335,13,85.0,1
1275,107304,785,1643,20,95.0,1
1276,116662,396,36240,29,50.0,0
1277,135369,531,23607,40,55.0,0
1278,55928,676,41927,25,60.0,1
1279,85723,405,48884,13,40.0,0
1280,45043,583,49317,39,40.0,0
1281,101376,450,10393,10,55.0,0
1282,59466,735,44571,30,60.0,1
1283,114886,785,24264,19,90.0,1
1284,49528,584,47618,9,35.0,0
1285,149067,745,43735,22,85.0,1
1286,64816,495,26064,23,35.0,0
1287,138348,559,33951,0,40.0,0
1288,48643,580,41977,3,30.0,0
1289,39359,802,12388,30,70.0,1
1290,37816,481,9627,5,25.0,0
1291,51747,584,13725,39,55.0,0
1292,133891,675,34838,0,60.0,1
1293,70319,451,48772,17,35.0,0
1294,107993,477,42635,0,35.0,0
1295,128167,774,6777,7,90.0,1
1296,138034,473,1684,13,60.0,1
1297,104607,495,49982,8,40.0,0
1298,67828,723,15808,12,70.0,1
1299,87560,394,33105,22,45.0,0
1300,46299,337,39353,24,25.0,0
1301,91433,512,23425,32,45.0,0
1302,120266,567,3060,7,55.0,0
1303,69857,686,44142,37,60.0,1
1304,121715,462,28617,30,55.0,0
1305,82757,767,39900,36,75.0,1
1306,65683,645,32624,25,50.0,0
1307,95597,710,39867,1,50.0,0
1308,100776,433,44477,21,45.0,0
1309,94722,705,11835,29,75.0,1
1310,87377,541,14324,27,50.0,0
1311,40543,652,7547,30,50.0,0
1312,108385,548,7279,24,60.0,1
1313,35224,703,36003,4,40.0,0
1314,146578,540,25191,23,55.0,0
1315,86626,441,33764,12,45.0,0
1316,126276,454,19675,19,55.0,0
1317,72247,829,7975,29,85.0,1
1318,109129,464,21907,8,50.0,0
1319,62816,732,4572,19,75.0,1
1320,33390,643,36063,23,40.0,0
1321,41970,453,1455,21,40.0,0
1322,60005,588,3611,7,60.0,1
1323,118381,603,2542,34,75.0,1
1324,139570,414,24412,2,45.0,0
1325,142789,741,19002,22,90.0,1
1326,105392,681,3509,9,80.0,1
1327,106955,645,42729,19,65.0,1
1328,32719,743,8630,12,65.0,1
1329,130238,683,38574,30,75.0,1
1330,118117,346,40624,25,50.0,0
1331,137665,432,19007,17,55.0,0
1332,65325,526,5176,39,50.0,0
1333,105529,698,32169,35,75.0,1
1334,35273,515,35880,10,25.0,0
1335,130022,385,14602,33,55.0,0
1336,129125,470,41911,22,50.0,0
1337,52962,540,25594,34,35.0,0
1338,91669,596,12706,10,65.0,1
1339,98021,728,40272,17,65.0,1
1340,115394,701,15752,25,80.0,1
1341,87963,845,22892,29,85.0,1
1342,66458,493,42708,1,20.0,0
1343,53788,323,22300,39,35.0,0
1344,106720,823,13650,10,95.0,1
1345,87132,630,9693,18,65.0,1
1346,113202,547,12591,29,55.0,0
1347,136724,550,31291,4,45.0,0
1348,94451,727,18041,34,75.0,1
1349,41959,599,27109,2,30.0,0
1350,91605,406,10567,16,50.0,0
1351,75607,647,10302,15,65.0,1
1352,83523,550,18039,21,50.0,0
1353,73687,443,10700,33,45.0,0
1354,72081,462,38200,40,35.0,0
1355,117835,431,10602,38,60.0,1
1356,43710,451,39288,0,10.0,0
1357,142424,652,43195,9,60.0,1
1358,51079,473,35421,30,35.0,0
1359,73228,529,10836,17,45.0,0
1360,83955,312,49906,33,40.0,0
1361,120921,819,5403,17,100.0,1
1362,94942,835,17251,15,90.0,1
1363,67777,767,12628,2,70.0,1
1364,116846,365,9686,33,60.0,1
1365,82488,352,21896,40,45.0,0
1366,136635,520,40209,31,50.0,0
1367,129680,767,1032,16,95.0,1
1368,102102,826,19596,19,95.0,1
1369,34809,486,32954,0,10.0,0
1370,89614,742,45104,19,75.0,1
1371,41542,537,14973,19,30.0,0
1372,71224,458,22218,10,40.0,0
1373,63082,633,34847,30,50.0,0
1374,72372,783,20897,23,75.0,1
1375,45194,702,28336,0,35.0,0
1376,131259,767,18970,1,75.0,1
1377,82976,324,22092,27,45.0,0
1378,143365,815,29842,17,95.0,1
1379,97449,781,4014,24,90.0,1
1380,138124,684,4887,6,80.0,1
1381,30150,783,9800,4,55.0,0
1382,116200,606,38623,12,65.0,1
1383,143949,322,10205,4,50.0,0
1384,101118,519,13067,20,55.0,0
1385,90552,443,8811,26,55.0,0
1386,84165,747,3102,32,90.0,1
1387,37104,377,38047,5,20.0,0
1388,54586,374,45823,27,35.0,0
1389,97952,486,43456,36,40.0,0
1390,77419,600,1416,39,70.0,1
1391,111609,634,35889,29,65.0,1
1392,129148,456,13376,9,50.0,0
1393,95338,370,22460,20,50.0,0
1394,111973,440,29812,7,45.0,0
1395,87939,749,27160,12,80.0,1
1396,129613,828,8975,10,100.0,1
1397,36764,725,13516,13,55.0,0
1398,56680,730,27234,6,55.0,0
1399,65003,534,46954,5,30.0,0
1400,101987,346,10223,15,55.0,0
1401,47172,339,5009,38,35.0,0
1402,67752,729,12299,11,70.0,1
1403,87424,412,11641,1,35.0,0
1404,145454,639,2867,30,75.0,1
1405,121521,473,11365,6,55.0,0
1406,93532,725,36174,28,70.0,1
1407,45915,431,22160,34,25.0,0
1408,33783,500,9246,14,30.0,0
1409,112578,589,41305,6,60.0,1
1410,109806,832,34875,36,90.0,1
1411,134767,335,26233,40,55.0,0
1412,61365,543,11609,25,45.0,0
1413,123032,715,30629,13,80.0,1
1414,50758,645,23102,11,50.0,0
1415,70730,364,24948,27,40.0,0
1416,102199,423,37075,18,50.0,0
1417,31792,707,34482,12,50.0,0
1418,102384,838,40382,9,85.0,1
1419,83476,470,25541,10,45.0,0
1420,42217,455,36443,39,25.0,0
1421,59451,731,32230,29,60.0,1
1422,140284,513,49068,39,50.0,0
1423,149659,464,16890,25,55.0,0
1424,44871,372,15831,17,30.0,0
1425,90482,582,22461,0,50.0,0
1426,45396,605,9183,34,50.0,0
1427,114896,690,17741,7,75.0,1
1428,139070,835,7753,5,95.0,1
1429,50181,731,4712,40,75.0,1
1430,95323,636,28501,16,60.0,1
1431,123926,744,44622,17,85.0,1
1432,68254,343,40430,6,30.0,0
1433,96698,669,39018,38,55.0,0
1434,122459,771,38574,33,85.0,1
1435,65838,521,38154,11,35.0,0
1436,84459,559,24500,22,45.0,0
1437,139408,464,14721,35,55.0,0
1438,93242,811,6824,21,95.0,1
1439,91894,403,48313,5,35.0,0
1440,61946,571,47359,31,35.0,0
1441,89871,414,13438,37,50.0,0
1442,102255,482,27081,39,50.0,0
1443,48958,648,35919,22,40.0,0
1444,80277,631,15734,28,65.0,1
1445,54983,524,17079,14,40.0,0
1446,108561,794,29767,26,85.0,1
1447,96616,709,42107,36,65.0,1
1448,127818,741,25263,23,90.0,1
1449,145255,629,47034,15,65.0,1
1450,47892,533,48192,22,25.0,0
1451,143249,354,31162,39,55.0,0
1452,39150,358,23780,30,25.0,0
1453,66208,328,47767,38,35.0,0
1454,131276,611,22661,14,70.0,1
1455,133547,622,1444,39,75.0,1
1456,141989,465,49008,12,50.0,0
1457,84387,806,48753,7,75.0,1
1458,74548,785,10077,21,80.0,1
1459,133247,392,13095,16,60.0,1
1460,96550,836,17893,1,75.0,1
1461,65018,841,1824,0,75.0,1
1462,137551,493,42712,39,50.0,0
1463,30336,481,29881,11,25.0,0
1464,67072,619,20099,6,50.0,0
1465,125164,645,30797,35,70.0,1
1466,69132,545,33162,12,35.0,0
1467,139769,401,35068,5,45.0,0
1468,106931,589,21992,8,65.0,1
1469,106011,384,33143,1,35.0,0
1470,116499,356,35573,2,40.0,0
1471,94178,349,36015,1,30.0,0
1472,143411,820,35339,11,95.0,1
1473,49476,490,15520,20,30.0,0
1474,88529,419,20034,0,35.0,0
1475,100592,533,25365,25,50.0,0
1476,93483,617,14426,17,65.0,1
1477,75236,799,17608,38,85.0,1
1478,73573,372,42785,7,30.0,0
1479,102340,562,45623,25,45.0,0
1480,129991,704,14246,5,75.0,1
1481,101228,534,3492,24,60.0,1
1482,79441,748,49388,9,70.0,1
1483,89682,625,3867,36,70.0,1
1484,72176,773,14149,3,70.0,1
1485,143980,643,44123,28,65.0,1
1486,54727,625,4716,7,60.0,1
1487,121422,679,3518,9,80.0,1
1488,61300,422,15714,40,40.0,0
1489,104946,589,45932,39,60.0,1
1490,80196,765,32400,9,70.0,1
1491,60613,697,17856,10,65.0,1
1492,142199,532,27360,8,50.0,0
1493,131652,763,30090,24,90.0,1
1494,83841,551,15218,12,50.0,0
1495,35720,718,25563,19,50.0,0
1496,71704,352,14068,13,45.0,0
1497,127609,324,46479,13,50.0,0
1498,91993,502,10875,26,50.0,0
1499,122435,336,45314,6,45.0,0
1500,149725,665,14304,9,70.0,1
1501,136352,786,23191,11,90.0,1
1502,79968,845,41520,26,80.0,1
1503,80604,416,44507,9,35.0,0
1504,116991,474,2307,37,60.0,1
1505,133860,803,45024,36,90.0,1
1506,137577,607,45392,25,65.0,1
1507,115461,385,24246,38,55.0,0
1508,49936,496,34647,17,25.0,0
1509,94923,613,18243,28,65.0,1
1510,34852,332,9562,39,30.0,0
1511,46547,336,46566,17,25.0,0
1512,95836,435,23691,16,50.0,0
1513,107356,626,34344,7,60.0,1
1514,73515,366,11092,36,45.0,0
1515,143993,372,11239,37,60.0,1
1516,43154,424,4680,8,30.0,0
1517,144581,743,45931,14,85.0,1
1518,140761,807,40679,11,90.0,1
1519,87711,381,12524,12,50.0,0
1520,43069,377,13333,11,30.0,0
1521,98937,603,40423,26,55.0,0
1522,149333,307,43915,16,50.0,0
1523,89890,740,6239,28,90.0,1
1524,32011,568,48654,20,25.0,0
1525,124692,620,36777,12,65.0,1
1526,48894,632,27426,29,40.0,0
1527,83736,442,21756,24,45.0,0
1528,144154,488,15220,6,50.0,0
1529,115823,462,20891,35,55.0,0
1530,50232,799,44633,3,60.0,1
1531,39807,540,34997,31,25.0,0
1532,91537,842,19474,21,90.0,1
1533,132436,364,2160,28,60.0,1
1534,64737,787,19384,35,75.0,1
1535,74375,534,47406,37,35.0,0
1536,111691,823,7264,24,100.0,1
1537,120794,368,30457,24,50.0,0
1538,82098,360,32047,15,45.0,0
1539,115175,627,32765,20,65.0,1
1540,40527,602,49065,3,30.0,0
1541,141642,733,46917,0,60.0,1
1542,73065,380,25158,29,40.0,0
1543,141718,621,8061,17,75.0,1
1544,118389,630,2111,7,70.0,1
1545,142635,684,37053,1,60.0,1
1546,99942,589,22234,36,65.0,1
1547,79808,467,47783,15,40.0,0
1548,71505,804,27251,34,80.0,1
1549,112155,512,30392,10,50.0,0
1550,124203,324,4439,14,60.0,1
1551,146318,627,22164,24,70.0,1
1552,129536,369,3629,12,60.0,1
1553,93956,676,34367,10,70.0,1
1554,144344,823,26455,10,95.0,1
1555,100912,702,8809,18,85.0,1
1556,34705,342,26392,6,20.0,0
1557,110931,610,24654,29,70.0,1
1558,38968,617,1810,13,55.0,0
1559,60771,700,40440,10,60.0,1
1560,112727,300,3044,39,60.0,1
1561,119705,463,7372,3,50.0,0
1562,67667,322,20494,2,30.0,0
1563,59817,331,32228,11,35.0,0
1564,127880,791,5147,9,90.0,1
1565,41846,722,12470,0,40.0,0
1566,86881,324,44990,17,40.0,0
1567,42903,745,37630,31,60.0,1
1568,129663,767,31964,34,90.0,1
1569,113066,655,27673,11,70.0,1
1570,122260,717,24614,27,80.0,1
1571,144370,468,3802,21,60.0,1
1572,43173,442,14488,25,30.0,0
1573,88153,560,37074,10,40.0,0
1574,51805,704,35283,25,60.0,1
1575,120964,459,46478,12,50.0,0
1576,69251,613,16848,25,60.0,1
1577,148413,602,8934,13,75.0,1
1578,33794,732,24430,25,50.0,0
1579,36028,789,42629,39,60.0,1
1580,72516,561,46916,30,35.0,0
1581,134352,802,2790,24,100.0,1
1582,37355,384,17081,40,25.0,0
1583,68452,335,22159,19,40.0,0
1584,76984,328,34180,28,40.0,0
1585,79131,349,17593,37,50.0,0
1586,86450,340,20024,38,50.0,0
1587,49080,305,26382,11,25.0,0
1588,62007,805,15990,28,80.0,1
1589,99621,321,47426,33,40.0,0
1590,84008,746,37522,27,75.0,1
1591,104177,549,10012,7,55.0,0
1592,119364,682,37527,16,75.0,1
1593,133877,537,14267,9,50.0,0
1594,53600,415,35377,17,35.0,0
1595,52280,791,14995,12,75.0,1
1596,52946,372,10575,8,40.0,0
1597,40350,468,17191,40,25.0,0
1598,109887,361,29303,2,40.0,0
1599,144142,430,32415,39,55.0,0
1600,80140,594,33580,4,45.0,0
1601,111226,340,25216,17,55.0,0
1602,119539,634,21194,30,70.0,1
1603,61566,801,23440,34,80.0,1
1604,95230,825,15931,20,90.0,1
1605,149646,496,22954,33,55.0,0
1606,106435,442,46110,18,45.0,0
1607,48758,832,12364,7,65.0,1
1608,60433,645,12998,31,60.0,1
1609,90443,427,25678,35,45.0,0
1610,113611,583,34496,36,65.0,1
1611,63289,747,26354,20,70.0,1
1612,90236,410,36945,34,40.0,0
1613,63466,361,1645,7,45.0,0
1614,117404,573,37216,22,50.0,0
1615,31231,692,14313,34,50.0,0
1616,147821,397,17134,26,55.0,0
1617,135464,303,16648,19,55.0,0
1618,90981,383,27773,28,45.0,0
1619,148123,510,45126,31,50.0,0
1620,67700,752,40751,13,70.0,1
1621,118815,512,15282,20,55.0,0
1622,101643,780,2590,36,95.0,1
1623,50706,690,2343,31,75.0,1
1624,39681,575,25025,16,25.0,0
1625,87898,690,24892,3,60.0,1
1626,75293,556,6194,33,55.0,0
1627,107014,534,27834,19,50.0,0
1628,69210,595,36909,30,50.0,0
1629,113746,368,7652,17,60.0,1
1630,85615,551,1573,20,55.0,0
1631,120480,703,9844,10,85.0,1
1632,62780,773,17108,29,75.0,1
1633,89878,300,19822,29,50.0,0
1634,140795,832,24195,38,95.0,1
1635,69599,470,33974,31,35.0,0
1636,56111,722,26072,24,60.0,1
1637,80422,760,39694,8,70.0,1
1638,141848,798,27164,29,90.0,1
1639,93335,551,10537,40,50.0,0
1640,43979,379,40206,18,25.0,0
1641,61091,498,21338,32,40.0,0
1642,79986,523,42331,33,40.0,0
1643,104963,591,25115,3,60.0,1
1644,77049,337,44667,35,40.0,0
1645,105341,750,48936,40,80.0,1
1646,68780,525,3745,2,40.0,0
1647,121655,455,28978,35,55.0,0
1648,68696,794,5331,14,85.0,1
1649,32875,650,41422,23,40.0,0
1650,138794,839,11197,37,100.0,1
1651,116275,744,32679,17,85.0,1
1652,81879,607,17884,6,60.0,1
1653,65976,456,7461,34,45.0,0
1654,31061,466,41832,30,25.0,0
1655,104177,457,28146,30,50.0,0
1656,143386,705,39562,13,75.0,1
1657,119889,634,39892,24,65.0,1
1658,132014,394,46703,9,45.0,0
1659,127605,389,3649,10,60.0,1
1660,36428,474,26615,31,25.0,0
1661,149356,366,31299,38,55.0,0
1662,109482,332,26781,21,55.0,0
1663,127671,600,43827,25,65.0,1
1664,95107,546,31230,9,40.0,0
1665,139161,589,22805,20,70.0,1
1666,148509,609,47472,13,65.0,1
1667,148349,350,3056,16,60.0,1
1668,67512,760,9709,20,80.0,1
1669,131677,468,17423,26,55.0,0
1670,134708,584,14255,11,70.0,1
1671,60162,645,1179,6,60.0,1
1672,109569,580,35791,25,65.0,1
1673,135110,340,30815,37,55.0,0
1674,76179,364,32097,26,40.0,0
1675,58705,528,30443,16,35.0,0
1676,113442,560,26874,16,55.0,0
1677,54920,740,4130,4,75.0,1
1678,111381,352,33547,37,50.0,0
1679,62850,636,12615,34,60.0,1
1680,118835,321,7518,8,55.0,0
1681,129035,465,28947,13,55.0,0
1682,124493,370,5995,9,55.0,0
1683,130593,576,12729,7,55.0,0
1684,116400,584,6457,22,75.0,1
1685,119241,318,41654,5,45.0,0
1686,139882,659,2952,21,75.0,1
1687,47927,795,39427,4,50.0,0
1688,112345,696,22116,23,80.0,1
1689,42735,646,28232,0,25.0,0
1690,148410,439,32026,31,55.0,0
1691,112242,551,21451,34,55.0,0
1692,114717,564,25876,9,50.0,0
1693,35167,607,27664,1,25.0,0
1694,70492,402,24758,7,35.0,0
1695,133364,380,16172,3,45.0,0
1696,87779,604,37199,19,55.0,0
1697,34373,395,44115,21,25.0,0
1698,105965,715,36518,6,70.0,1
1699,77823,489,43499,36,40.0,0
1700,125991,473,49356,32,50.0,0
1701,47224,804,36885,15,65.0,1
1702,41813,652,9926,25,50.0,0
1703,149226,730,17711,38,80.0,1
1704,68680,422,44976,15,35.0,0
1705,72823,436,15295,17,45.0,0
1706,127973,409,23371,13,55.0,0
1707,84460,687,44222,33,65.0,1
1708,53021,492,44637,15,35.0,0
1709,56318,361,31064,33,35.0,0
1710,47322,736,1902,30,65.0,1
1711,133089,760,14167,17,90.0,1
1712,100701,317,16363,31,55.0,0
1713,144879,679,35211,16,80.0,1
1714,77953,364,38169,6,35.0,0
1715,99579,841,1220,9,90.0,1
1716,95771,792,13675,11,85.0,1
1717,149732,504,42212,25,50.0,0
1718,65720,500,17048,20,40.0,0
1719,138851,533,29234,35,55.0,0
1720,51567,344,14432,29,40.0,0
1721,63681,519,15317,23,45.0,0
1722,149806,760,14702,5,90.0,1
1723,138093,546,3894,30,60.0,1
1724,93156,721,22675,6,70.0,1
1725,135708,665,30645,35,70.0,1
1726,68684,460,16349,2,35.0,0
1727,127853,760,15786,39,90.0,1
1728,144084,606,46007,27,65.0,1
1729,74396,683,3302,34,75.0,1
1730,135412,457,28200,6,50.0,0
1731,45095,845,44287,36,65.0,1
1732,91385,519,49065,1,25.0,0
1733,39869,418,46515,8,20.0,0
1734,48449,438,4462,33,40.0,0
1735,128848,375,16826,34,55.0,0
1736,59571,439,12685,2,35.0,0
1737,142740,830,10687,39,100.0,1
1738,118647,468,45652,17,50.0,0
1739,124924,331,6481,20,60.0,1
1740,118395,400,29768,34,50.0,0
1741,82089,620,25841,7,55.0,0
1742,140853,451,40344,36,50.0,0
1743,135458,813,41740,2,80.0,1
1744,103048,302,44387,16,45.0,0
1745,77942,842,10827,25,90.0,1
1746,41836,678,44340,3,40.0,0
1747,133636,340,41961,30,50.0,0
1748,81717,838,13108,8,85.0,1
1749,31824,427,37424,33,25.0,0
1750,64663,810,17319,33,80.0,1
1751,100329,367,10273,25,55.0,0
1752,46199,321,16906,26,30.0,0
1753,89609,557,6384,29,55.0,0
1754,78311,597,3773,11,70.0,1
1755,118188,600,13561,1,55.0,0
1756,128174,843,34109,1,75.0,1
1757,118125,639,48546,8,55.0,0
1758,64362,598,16651,13,55.0,0
1759,106619,563,39477,20,50.0,0
1760,79941,396,47616,38,40.0,0
1761,137795,546,39883,5,45.0,0
1762,113695,340,27650,2,45.0,0
1763,78689,698,7246,29,80.0,1
1764,44201,327,2926,37,40.0,0
1765,118452,313,17016,24,55.0,0
1766,60647,725,1201,39,75.0,1
1767,91797,378,21396,38,50.0,0
1768,33280,531,16161,25,25.0,0
1769,111205,499,12180,10,55.0,0
1770,145898,337,46574,18,50.0,0
1771,103584,645,16574,31,70.0,1
1772,72992,431,28952,1,25.0,0
1773,149964,699,27072,38,80.0,1
1774,109964,628,49834,13,60.0,1
1775,59015,821,37063,11,75.0,1
1776,114889,446,41709,13,50.0,0
1777,38285,305,35590,28,25.0,0
1778,113283,539,43279,23,50.0,0
1779,137984,348,34252,23,55.0,0
1780,90852,763,17727,37,85.0,1
1781,149195,684,44042,18,75.0,1
1782,121891,602,10514,34,75.0,1
1783,69608,405,20294,1,25.0,0
1784,115097,410,13121,14,55.0,0
1785,83516,717,41777,1,50.0,0
1786,45292,752,12397,13,65.0,1
1787,48320,670,43610,15,50.0,0
1788,35943,303,23589,26,25.0,0
1789,34877,450,27622,37,25.0,0
1790,69893,691,38546,24,60.0,1
1791,94569,736,7439,9,75.0,1
1792,45220,557,13585,17,30.0,0
1793,42739,341,2930,10,40.0,0
1794,60775,364,4614,7,45.0,0
1795,146294,326,4140,4,50.0,0
1796,100457,629,4560,29,75.0,1
1797,47781,753,43078,26,60.0,1
1798,80940,751,30012,38,80.0,1
1799,89459,721,45000,8,60.0,1
1800,78629,693,4125,10,80.0,1
1801,117881,846,18222,4,85.0,1
1802,127404,666,47852,10,65.0,1
1803,121289,775,1697,13,95.0,1
1804,100804,688,8380,14,85.0,1
1805,84935,653,25640,7,55.0,0
1806,106983,350,48578,10,45.0,0
1807,127290,396,29256,17,55.0,0
1808,125236,825,12161,11,100.0,1
1809,50253,849,12953,6,75.0,1
1810,146052,648,49139,31,65.0,1
1811,84379,548,8535,32,50.0,0
1812,115841,323,33297,37,50.0,0
1813,42978,712,33536,15,50.0,0
1814,139273,447,6528,10,60.0,1
1815,94139,674,1972,21,80.0,1
1816,110694,374,35264,11,50.0,0
1817,83492,847,45686,17,80.0,1
1818,66666,638,3222,38,65.0,1
1819,34288,819,20127,8,60.0,1
1820,120476,762,42029,34,85.0,1
1821,78566,665,12733,15,65.0,1
1822,58477,491,2718,39,50.0,0
1823,88115,806,41005,34,80.0,1
1824,88287,432,21979,33,50.0,0
1825,60947,708,43175,11,60.0,1
1826,142125,699,25965,39,80.0,1
1827,77537,480,49920,21,40.0,0
1828,43022,500,10198,22,35.0,0
1829,119873,845,49454,36,85.0,1
1830,78147,405,23294,25,45.0,0
1831,101364,794,12658,21,90.0,1
1832,148187,651,35717,38,70.0,1
1833,114518,674,2681,31,85.0,1
1834,77012,799,45571,18,75.0,1
1835,37936,376,8418,30,35.0,0
1836,82184,338,6636,23,55.0,0
1837,66160,519,28491,30,35.0,0
1838,54878,411,19578,5,35.0,0
1839,46011,361,40653,8,20.0,0
1840,141153,656,27358,10,70.0,1
1841,138028,818,28231,28,95.0,1
1842,89600,822,23104,17,85.0,1
1843,42015,594,12650,32,45.0,0
1844,116870,326,9921,0,45.0,0
1845,57801,537,5767,15,50.0,0
1846,114109,370,14654,0,40.0,0
1847,113819,402,19606,19,55.0,0
1848,108269,447,33740,14,50.0,0
1849,32799,306,9502,23,30.0,0
1850,36629,838,15315,11,65.0,1
1851,133126,429,14119,38,55.0,0
1852,73713,686,49384,0,45.0,0
1853,61925,774,23610,1,60.0,1
1854,46505,658,32462,29,40.0,0
1855,133150,458,38435,2,40.0,0
1856,104000,546,48812,6,40.0,0
1857,56896,479,5149,29,50.0,0
1858,38992,490,2918,20,40.0,0
1859,138765,475,7606,27,60.0,1
1860,130290,447,16496,10,55.0,0
1861,102641,615,18483,26,70.0,1
1862,57152,596,17196,1,40.0,0
1863,106858,484,30283,38,50.0,0
1864,58305,371,11622,3,35.0,0
1865,136568,802,47394,20,90.0,1
1866,143992,400,9828,23,60.0,1
1867,60539,345,18387,35,40.0,0
1868,73064,681,44735,32,60.0,1
1869,131498,506,2136,17,60.0,1
1870,49340,628,8174,29,50.0,0
1871,133369,395,2496,9,55.0,0
1872,148034,610,14031,30,75.0,1
1873,108116,725,31808,5,70.0,1
1874,30371,455,8573,13,30.0,0
1875,66342,354,8547,38,45.0,0
1876,142513,485,3742,7,55.0,0
1877,48964,748,17297,12,65.0,1
1878,47038,689,23106,13,50.0,0
1879,100807,453,19484,11,55.0,0
1880,62853,645,1572,36,65.0,1
1881,134662,498,46916,23,50.0,0
1882,52871,653,9401,37,60.0,1
1883,44408,667,37024,20,40.0,0
1884,116646,565,5911,9,55.0,0
1885,143567,790,16126,35,90.0,1
1886,33379,322,28023,14,25.0,0
1887,47275,307,15538,18,30.0,0
1888,31947,808,37990,40,65.0,1
1889,76955,680,19680,27,70.0,1
1890,133544,772,29454,0,75.0,1
1891,133341,535,7578,28,60.0,1
1892,61186,313,34872,6,30.0,0
1893,107182,410,23460,3,45.0,0
1894,72437,773,47702,14,70.0,1
1895,32068,582,33245,19,40.0,0
1896,52838,745,12909,22,80.0,1
1897,64782,808,2945,13,90.0,1
1898,36868,750,17660,27,60.0,1
1899,46614,546,10058,30,35.0,0
1900,127218,638,42080,37,65.0,1
1901,85176,427,17535,2,40.0,0
1902,98955,303,21646,15,50.0,0
1903,44896,813,3483,37,80.0,1
1904,127735,804,42869,14,90.0,1
1905,38330,599,7688,26,50.0,0
1906,92422,796,32450,36,80.0,1
1907,88756,827,44891,37,80.0,1
1908,131976,570,11822,27,60.0,1
1909,77453,356,11378,1,35.0,0
1910,97271,825,40024,32,80.0,1
1911,107812,755,2468,34,95.0,1
1912,44293,708,18041,19,50.0,0
1913,89245,750,34216,23,80.0,1
1914,96039,785,21984,30,85.0,1
1915,59038,606,40038,25,50.0,0
1916,110623,576,11836,38,55.0,0
1917,35683,788,44554,40,60.0,1
1918,125321,733,8372,22,85.0,1
1919,132659,529,22843,24,55.0,0
1920,149111,731,47006,40,75.0,1
1921,143636,739,2679,17,85.0,1
1922,116363,695,10328,10,85.0,1
1923,98347,428,1022,32,55.0,0
1924,69535,813,15939,39,85.0,1
1925,90036,755,40448,36,75.0,1
1926,114323,554,24445,38,55.0,0
1927,34082,538,14981,30,25.0,0
1928,37972,628,37457,32,40.0,0
1929,92781,609,33479,9,55.0,0
1930,141057,580,2851,36,75.0,1
1931,82640,828,9308,16,90.0,1
1932,85872,710,31259,35,70.0,1
1933,119928,531,22394,39,55.0,0
1934,44150,705,46644,39,50.0,0
1935,94260,635,23300,37,65.0,1
1936,123375,359,46052,30,50.0,0
1937,149236,380,28687,3,45.0,0
1938,88138,554,27921,8,40.0,0
1939,39632,325,39936,36,25.0,0
1940,147868,685,25578,17,80.0,1
1941,40589,351,22422,27,25.0,0
1942,72219,801,30038,21,75.0,1
1943,109730,496,34188,38,50.0,0
1944,49442,690,9572,40,60.0,1
1945,38609,655,16001,3,30.0,0
1946,46540,601,12864,28,45.0,0
1947,66046,623,41191,4,40.0,0
1948,111830,557,35957,33,50.0,0
1949,112978,705,32535,31,75.0,1
1950,106724,579,30236,8,45.0,0
1951,101874,468,4504,13,60.0,1
1952,123343,654,46641,37,65.0,1
1953,72622,677,18349,32,65.0,1
1954,79925,559,24725,17,45.0,0
1955,108301,778,23186,9,85.0,1
1956,99541,758,19708,34,85.0,1
1957,68652,511,16918,18,45.0,0
1958,89469,688,45897,10,65.0,1
1959,96263,696,17183,2,65.0,1
1960,109354,632,48132,34,60.0,1
1961,86387,612,1774,2,60.0,1
1962,42999,751,32075,32,60.0,1
1963,133952,560,17671,23,55.0,0
1964,121983,670,46117,4,65.0,1
1965,44996,546,43182,38,25.0,0
1966,141777,735,39425,33,75.0,1
1967,115814,792,38930,8,80.0,1
1968,115316,337,6868,38,60.0,1
1969,145042,508,37486,14,50.0,0
1970,130789,811,2971,25,100.0,1
1971,102264,827,4235,36,100.0,1
1972,124481,535,12516,0,40.0,0
1973,143441,330,34287,40,55.0,0
1974,58183,311,36896,5,30.0,0
1975,86370,596,21927,15,60.0,1
1976,89186,441,13778,20,50.0,0
1977,146403,768,27494,11,90.0,1
1978,59949,688,29674,4,50.0,0
1979,84239,702,25311,19,70.0,1
1980,74424,757,36497,20,70.0,1
1981,138451,342,35261,39,50.0,0
1982,89441,601,37304,9,50.0,0
1983,82262,315,35600,14,40.0,0
1984,84524,374,24860,1,30.0,0
1985,125631,765,25710,1,75.0,1
1986,42463,765,42357,33,60.0,1
1987,70966,305,38462,23,35.0,0
1988,85936,420,31183,31,45.0,0
1989,70963,489,5890,6,45.0,0
1990,117177,712,10028,27,85.0,1
1991,63408,376,30443,3,25.0,0
1992,79060,572,9643,6,45.0,0
1993,50006,626,29515,32,50.0,0
1994,120023,318,49124,3,35.0,0
1995,92163,770,12251,13,85.0,1
1996,38799,635,48259,17,40.0,0
1997,41957,763,16752,5,60.0,1
1998,139022,360,24031,35,55.0,0
1999,41188,482,31397,6,20.0,0
